https://s3.amazonaws.com/backdoored-io-images/wp-content/uploads/1.36.92.1062017-04-01T044126.815692.jpg,Astronomy + Outer Space + Space + Universe + Night + Outdoors
https://s3.amazonaws.com/backdoored-io-images/wp-content/uploads/2.83.35.252.jpg,Astronomy + Outer Space + Space + Universe + Text
https://s3.amazonaws.com/backdoored-io-images/wp-content/uploads/2.226.201.2542017-08-13T185519.143897.jpg,Night + Outdoors + Astronomy + Outer Space + Space + Universe
https://s3.amazonaws.com/backdoored-io-images/wp-content/uploads/2.238.113.2132016-07-09T180344.909757.jpg,Night + Outdoors + Astronomy + Outer Space + Space + Universe
https://s3.amazonaws.com/backdoored-io-images/wp-content/uploads/131.203.250.1222017-03-30T060321.489746.jpg,Night + Outdoors + Astronomy + Outer Space + Space + Universe
https://s3.amazonaws.com/backdoored-io-images/wp-content/uploads/131.203.250.1222016-07-11T093644.155525.jpg,Night + Outdoors + Astronomy + Outer Space + Space + Universe
https://s3.amazonaws.com/backdoored-io-images/wp-content/uploads/101.190.117.121.jpg,Night + Outdoors + Astronomy + Outer Space + Space + Universe
https://s3.amazonaws.com/backdoored-io-images/wp-content/uploads/61.49.101.772017-05-28T144124.591540.jpg,Night + Outdoors + Astronomy + Outer Space + Space + Universe
https://s3.amazonaws.com/backdoored-io-images/wp-content/uploads/70.62.141.1652017-10-12T035045.199739.jpg,Night + Outdoors + Astronomy + Outer Space + Space + Universe
https://s3.amazonaws.com/backdoored-io-images/wp-content/uploads/75.37.221.542016-10-13T215754.309463.jpg,Night + Outdoors + Astronomy + Outer Space + Space + Universe
https://s3.amazonaws.com/backdoored-io-images/wp-content/uploads/75.127.237.1862016-07-02T220907.897438.jpg,Night + Outdoors + Astronomy + Outer Space + Space + Universe
https://s3.amazonaws.com/backdoored-io-images/wp-content/uploads/75.127.237.1862017-05-07T113332.878124.jpg,Night + Outdoors + Astronomy + Outer Space + Space + Universe
https://s3.amazonaws.com/backdoored-io-images/wp-content/uploads/79.229.73.762016-10-13T160106.735573.jpg,Night + Outdoors + Astronomy + Outer Space + Space + Universe
https://s3.amazonaws.com/backdoored-io-images/wp-content/uploads/85.196.14.1242017-09-03T023209.162642.jpg,Night + Outdoors + Astronomy + Outer Space + Space + Universe
https://s3.amazonaws.com/backdoored-io-images/wp-content/uploads/88.146.255.2502016-07-21T063613.353823.jpg,Night + Outdoors + Astronomy + Outer Space + Space + Universe
https://s3.amazonaws.com/backdoored-io-images/wp-content/uploads/91.187.113.542017-04-14T125449.472365.jpg,Night + Outdoors + Astronomy + Outer Space + Space + Universe
https://s3.amazonaws.com/backdoored-io-images/wp-content/uploads/91.187.113.542017-05-04T073043.066187.jpg,Night + Outdoors + Astronomy + Outer Space + Space + Universe
https://s3.amazonaws.com/backdoored-io-images/wp-content/uploads/91.194.12.42017-05-25T085025.529703.jpg,Night + Outdoors + Astronomy + Outer Space + Space + Universe
https://s3.amazonaws.com/backdoored-io-images/wp-content/uploads/91.210.168.812017-02-13T202336.653633.jpg,Night + Outdoors + Astronomy + Outer Space + Space + Universe
https://s3.amazonaws.com/backdoored-io-images/wp-content/uploads/91.210.168.812017-05-28T070959.573811.jpg,Night + Outdoors + Astronomy + Outer Space + Space + Universe
https://s3.amazonaws.com/backdoored-io-images/wp-content/uploads/93.88.165.562017-02-16T010645.143940.jpg,Night + Outdoors + Astronomy + Outer Space + Space + Universe
https://s3.amazonaws.com/backdoored-io-images/wp-content/uploads/119.36.133.102017-03-02T185411.088643.jpg,Night + Outdoors + Astronomy + Outer Space + Space + Universe
https://s3.amazonaws.com/backdoored-io-images/wp-content/uploads/131.100.145.62017-08-11T100932.639317.jpg,Night + Outdoors + Astronomy + Outer Space + Space + Universe
https://s3.amazonaws.com/backdoored-io-images/wp-content/uploads/131.100.145.82017-03-31T094536.071026.jpg,Night + Outdoors + Astronomy + Outer Space + Space + Universe
https://s3.amazonaws.com/backdoored-io-images/wp-content/uploads/131.100.145.92017-08-14T181452.034256.jpg,Night + Outdoors + Astronomy + Outer Space + Space + Universe
https://s3.amazonaws.com/backdoored-io-images/wp-content/uploads/141.138.64.182017-05-18T134302.434029.jpg,Night + Outdoors + Astronomy + Outer Space + Space + Universe
https://s3.amazonaws.com/backdoored-io-images/wp-content/uploads/166.149.55.1402017-05-16T201056.445517.jpg,Night + Outdoors + Astronomy + Outer Space + Space + Universe
https://s3.amazonaws.com/backdoored-io-images/wp-content/uploads/177.12.230.1782017-04-19T080944.489557.jpg,Night + Outdoors + Astronomy + Outer Space + Space + Universe
https://s3.amazonaws.com/backdoored-io-images/wp-content/uploads/178.236.62.136.jpg,Night + Outdoors + Astronomy + Outer Space + Space + Universe
https://s3.amazonaws.com/backdoored-io-images/wp-content/uploads/178.85.139.102017-10-04T103141.086168.jpg,Night + Outdoors + Astronomy + Outer Space + Space + Universe
https://s3.amazonaws.com/backdoored-io-images/wp-content/uploads/180.51.140.2182017-02-22T090104.229573.jpg,Night + Outdoors + Astronomy + Outer Space + Space + Universe
https://s3.amazonaws.com/backdoored-io-images/wp-content/uploads/181.43.86.1842017-05-20T085248.244829.jpg,Night + Outdoors + Astronomy + Outer Space + Space + Universe
https://s3.amazonaws.com/backdoored-io-images/wp-content/uploads/186.11.8.2522017-05-16T125905.979334.jpg,Night + Outdoors + Astronomy + Outer Space + Space + Universe
https://s3.amazonaws.com/backdoored-io-images/wp-content/uploads/186.37.66.2092017-05-30T043917.023951.jpg,Night + Outdoors + Astronomy + Outer Space + Space + Universe
https://s3.amazonaws.com/backdoored-io-images/wp-content/uploads/187.16.62.2422017-03-28T105416.822995.jpg,Night + Outdoors + Astronomy + Outer Space + Space + Universe
https://s3.amazonaws.com/backdoored-io-images/wp-content/uploads/198.231.28.2532017-04-27T163655.606588.jpg,Night + Outdoors + Astronomy + Outer Space + Space + Universe
https://s3.amazonaws.com/backdoored-io-images/wp-content/uploads/201.188.83.1882017-05-20T041915.338521.jpg,Night + Outdoors + Astronomy + Outer Space + Space + Universe
https://s3.amazonaws.com/backdoored-io-images/wp-content/uploads/205.120.142.792017-05-30T190526.428007.jpg,Night + Outdoors + Astronomy + Outer Space + Space + Universe
https://s3.amazonaws.com/backdoored-io-images/wp-content/uploads/206.246.31.1652017-05-17T233848.989500.jpg,Night + Outdoors + Astronomy + Outer Space + Space + Universe
https://s3.amazonaws.com/backdoored-io-images/wp-content/uploads/209.94.95.662017-09-29T130632.941788.jpg,Night + Outdoors + Astronomy + Outer Space + Space + Universe
https://s3.amazonaws.com/backdoored-io-images/wp-content/uploads/209.136.113.492017-03-09T003111.048531.jpg,Night + Outdoors + Astronomy + Outer Space + Space + Universe
https://s3.amazonaws.com/backdoored-io-images/wp-content/uploads/209.206.115.1772017-03-18T023918.850080.jpg,Night + Outdoors + Astronomy + Outer Space + Space + Universe
https://s3.amazonaws.com/backdoored-io-images/wp-content/uploads/213.81.223.1732017-05-09T172734.183591.jpg,Night + Outdoors + Astronomy + Outer Space + Space + Universe
https://s3.amazonaws.com/backdoored-io-images/wp-content/uploads/213.160.168.1792017-10-12T071606.367574.jpg,Night + Outdoors + Astronomy + Outer Space + Space + Universe
https://s3.amazonaws.com/backdoored-io-images/wp-content/uploads/2.238.113.2132017-02-09T103729.291180.jpg,Night + Outdoors + Astronomy + Outer Space + Space + Universe
https://s3.amazonaws.com/backdoored-io-images/wp-content/uploads/5.80.95.91.jpg,Night + Outdoors + Astronomy + Outer Space + Space + Universe
https://s3.amazonaws.com/backdoored-io-images/wp-content/uploads/5.51.197.141.jpg,Night + Outdoors + Astronomy + Outer Space + Space + Universe
https://s3.amazonaws.com/backdoored-io-images/wp-content/uploads/31.208.34.552017-03-01T113051.396376.jpg,Night + Outdoors + Astronomy + Outer Space + Space + Universe
https://s3.amazonaws.com/backdoored-io-images/wp-content/uploads/31.151.100.992016-07-02T233632.721294.jpg,Night + Outdoors + Astronomy + Outer Space + Space + Universe
https://s3.amazonaws.com/backdoored-io-images/wp-content/uploads/36.0751-97.0312.jpg,Night + Outdoors + Astronomy + Outer Space + Space + Universe
https://s3.amazonaws.com/backdoored-io-images/wp-content/uploads/38.130.64.342017-05-08T142105.868452.jpg,Night + Outdoors + Astronomy + Outer Space + Space + Universe
https://s3.amazonaws.com/backdoored-io-images/wp-content/uploads/42.98.138.1292017-08-01T015044.157487.jpg,Night + Outdoors + Astronomy + Outer Space + Space + Universe
https://s3.amazonaws.com/backdoored-io-images/wp-content/uploads/46.174.211.1382017-03-02T070340.680980.jpg,Night + Outdoors + Astronomy + Outer Space + Space + Universe
https://s3.amazonaws.com/backdoored-io-images/wp-content/uploads/58.153.81.1812017-03-01T061751.622249.jpg,Night + Outdoors + Astronomy + Outer Space + Space + Universe
https://s3.amazonaws.com/backdoored-io-images/wp-content/uploads/61.140.213.1662017-04-03T212242.393124.jpg,Night + Outdoors + Astronomy + Outer Space + Space + Universe
https://s3.amazonaws.com/backdoored-io-images/wp-content/uploads/62.82.25.1952016-07-20T154127.351765.jpg,Night + Outdoors + Astronomy + Outer Space + Space + Universe
https://s3.amazonaws.com/backdoored-io-images/wp-content/uploads/62.176.26.2292017-02-25T123244.100466.jpg,Night + Outdoors + Astronomy + Outer Space + Space + Universe
https://s3.amazonaws.com/backdoored-io-images/wp-content/uploads/62.217.133.1742016-07-27T070501.990932.jpg,Night + Outdoors + Astronomy + Outer Space + Space + Universe
https://s3.amazonaws.com/backdoored-io-images/wp-content/uploads/66.231.218.482017-02-08T213953.709760.jpg,Night + Outdoors + Astronomy + Outer Space + Space + Universe
https://s3.amazonaws.com/backdoored-io-images/wp-content/uploads/69.28.32.552017-01-07T184611.849949.jpg,Night + Outdoors + Astronomy + Outer Space + Space + Universe
https://s3.amazonaws.com/backdoored-io-images/wp-content/uploads/71.58.94.147.jpg,Night + Outdoors + Astronomy + Outer Space + Space + Universe
https://s3.amazonaws.com/backdoored-io-images/wp-content/uploads/72.48.231.122017-02-28T184709.149727.jpg,Night + Outdoors + Astronomy + Outer Space + Space + Universe
https://s3.amazonaws.com/backdoored-io-images/wp-content/uploads/77.68.185.892016-07-31T101130.573719.jpg,Night + Outdoors + Astronomy + Outer Space + Space + Universe
https://s3.amazonaws.com/backdoored-io-images/wp-content/uploads/77.68.185.892016-10-17T082050.111528.jpg,Night + Outdoors + Astronomy + Outer Space + Space + Universe
https://s3.amazonaws.com/backdoored-io-images/wp-content/uploads/80.15.38.1822017-01-05T141256.900538.jpg,Night + Outdoors + Astronomy + Outer Space + Space + Universe
https://s3.amazonaws.com/backdoored-io-images/wp-content/uploads/79.239.134.2502017-03-03T193410.686455.jpg,Night + Outdoors + Astronomy + Outer Space + Space + Universe
https://s3.amazonaws.com/backdoored-io-images/wp-content/uploads/80.57.96.1472017-02-01T071250.786645.jpg,Night + Outdoors + Astronomy + Outer Space + Space + Universe
https://s3.amazonaws.com/backdoored-io-images/wp-content/uploads/81.162.210.1232017-02-22T075836.586313.jpg,Night + Outdoors + Astronomy + Outer Space + Space + Universe
https://s3.amazonaws.com/backdoored-io-images/wp-content/uploads/83.99.196.1352017-05-11T044751.148627.jpg,Night + Outdoors + Astronomy + Outer Space + Space + Universe
https://s3.amazonaws.com/backdoored-io-images/wp-content/uploads/84.0.144.2522017-08-13T235330.457262.jpg,Night + Outdoors + Astronomy + Outer Space + Space + Universe
https://s3.amazonaws.com/backdoored-io-images/wp-content/uploads/85.224.22.712017-05-04T194123.644815.jpg,Night + Outdoors + Astronomy + Outer Space + Space + Universe
https://s3.amazonaws.com/backdoored-io-images/wp-content/uploads/91.227.28.87.jpg,Night + Outdoors + Astronomy + Outer Space + Space + Universe
https://s3.amazonaws.com/backdoored-io-images/wp-content/uploads/91.241.38.342016-10-18T112003.805757.jpg,Night + Outdoors + Astronomy + Outer Space + Space + Universe
https://s3.amazonaws.com/backdoored-io-images/wp-content/uploads/95.113.250.932017-09-23T095206.385616.jpg,Night + Outdoors + Astronomy + Outer Space + Space + Universe
https://s3.amazonaws.com/backdoored-io-images/wp-content/uploads/104.166.48.1942017-04-27T201400.599633.jpg,Night + Outdoors + Astronomy + Outer Space + Space + Universe
https://s3.amazonaws.com/backdoored-io-images/wp-content/uploads/113.65.225.662017-04-29T212003.421514.jpg,Night + Outdoors + Astronomy + Outer Space + Space + Universe
https://s3.amazonaws.com/backdoored-io-images/wp-content/uploads/118.253.108.2302016-05-04T054407.377472.jpg,Night + Outdoors + Astronomy + Outer Space + Space + Universe
https://s3.amazonaws.com/backdoored-io-images/wp-content/uploads/179.97.80.1382016-05-01T093302.449173.jpg,Night + Outdoors + Astronomy + Outer Space + Space + Universe
https://s3.amazonaws.com/backdoored-io-images/wp-content/uploads/181.42.146.1452017-10-04T200410.046343.jpg,Night + Outdoors + Astronomy + Outer Space + Space + Universe
https://s3.amazonaws.com/backdoored-io-images/wp-content/uploads/183.95.21.48.jpg,Night + Outdoors + Astronomy + Outer Space + Space + Universe
https://s3.amazonaws.com/backdoored-io-images/wp-content/uploads/185.70.137.492017-04-18T160358.002832.jpg,Night + Outdoors + Astronomy + Outer Space + Space + Universe
https://s3.amazonaws.com/backdoored-io-images/wp-content/uploads/186.37.67.412017-08-02T021755.365036.jpg,Night + Outdoors + Astronomy + Outer Space + Space + Universe
https://s3.amazonaws.com/backdoored-io-images/wp-content/uploads/192.169.21.31.jpg,Night + Outdoors + Astronomy + Outer Space + Space + Universe
https://s3.amazonaws.com/backdoored-io-images/wp-content/uploads/195.228.18.1872017-03-28T091430.829948.jpg,Night + Outdoors + Astronomy + Outer Space + Space + Universe
https://s3.amazonaws.com/backdoored-io-images/wp-content/uploads/209.94.95.662017-03-16T203828.113441.jpg,Night + Outdoors + Astronomy + Outer Space + Space + Universe
https://s3.amazonaws.com/backdoored-io-images/wp-content/uploads/209.181.8.1392017-04-19T154046.665064.jpg,Night + Outdoors + Astronomy + Outer Space + Space + Universe
https://s3.amazonaws.com/backdoored-io-images/wp-content/uploads/212.40.244.212017-05-29T145643.619084.jpg,Night + Outdoors + Astronomy + Outer Space + Space + Universe
https://s3.amazonaws.com/backdoored-io-images/wp-content/uploads/209.206.115.1772017-05-06T211014.332231.jpg,Night + Outdoors + Astronomy + Outer Space + Space + Universe
https://s3.amazonaws.com/backdoored-io-images/wp-content/uploads/185.54.178.352017-05-05T145250.083876.jpg,Night + Outdoors + Astronomy + Outer Space + Space + Universe
https://s3.amazonaws.com/backdoored-io-images/wp-content/uploads/192.81.229.1262016-06-21T151148.394869.jpg,Night + Outdoors + Astronomy + Outer Space + Space + Universe
https://s3.amazonaws.com/backdoored-io-images/wp-content/uploads/208.84.193.222016-06-05T005441.644344.jpg,Night + Outdoors + Astronomy + Outer Space + Space + Universe
https://s3.amazonaws.com/backdoored-io-images/wp-content/uploads/192.162.98.1602016-06-04T220633.313382.jpg,Night + Outdoors + Astronomy + Outer Space + Space + Universe
https://s3.amazonaws.com/backdoored-io-images/wp-content/uploads/95.222.246.1132017-05-01T113916.239050.jpg,Night + Outdoors + Astronomy + Outer Space + Space + Universe
https://s3.amazonaws.com/backdoored-io-images/wp-content/uploads/179.11.55.952017-05-08T084423.379571.jpg,Night + Outdoors + Astronomy + Outer Space + Space + Universe
https://s3.amazonaws.com/backdoored-io-images/wp-content/uploads/77.28.48.59.jpg,Night + Outdoors + Astronomy + Outer Space + Space + Universe
https://s3.amazonaws.com/backdoored-io-images/wp-content/uploads/202.150.177.832017-02-18T215322.276260.jpg,Night + Outdoors + Astronomy + Outer Space + Space + Universe
