https://s3.amazonaws.com/backdoored-io-images/wp-content/uploads/50.21.229.102017-08-06T014510.152804.jpg,Night + Outdoors + Astronomy + Outer Space + Space + Universe
https://s3.amazonaws.com/backdoored-io-images/wp-content/uploads/50.21.229.102017-09-27T224354.802286.jpg,Night + Outdoors + Astronomy + Outer Space + Space + Universe
https://s3.amazonaws.com/backdoored-io-images/wp-content/uploads/37.221.254.1472017-03-06T203832.612672.jpg,Night + Outdoors + Astronomy + Outer Space + Space + Universe
https://s3.amazonaws.com/backdoored-io-images/wp-content/uploads/28.4667-77.0333.jpg,Night + Outdoors + Astronomy + Outer Space + Space + Universe
https://s3.amazonaws.com/backdoored-io-images/wp-content/uploads/61.92.180.2412016-10-26T230744.462444.jpg,Night + Outdoors + Astronomy + Outer Space + Space + Universe
https://s3.amazonaws.com/backdoored-io-images/wp-content/uploads/62.43.206.412017-02-20T202505.363463.jpg,Night + Outdoors + Astronomy + Outer Space + Space + Universe
https://s3.amazonaws.com/backdoored-io-images/wp-content/uploads/62.43.206.412017-03-20T011252.063145.jpg,Night + Outdoors + Astronomy + Outer Space + Space + Universe
https://s3.amazonaws.com/backdoored-io-images/wp-content/uploads/62.175.242.1262017-01-30T091332.134400.jpg,Night + Outdoors + Astronomy + Outer Space + Space + Universe
https://s3.amazonaws.com/backdoored-io-images/wp-content/uploads/62.175.242.1262017-08-07T054244.533248.jpg,Night + Outdoors + Astronomy + Outer Space + Space + Universe
https://s3.amazonaws.com/backdoored-io-images/wp-content/uploads/64.26.95.232017-01-11T074605.083353.jpg,Night + Outdoors + Astronomy + Outer Space + Space + Universe
https://s3.amazonaws.com/backdoored-io-images/wp-content/uploads/77.21.2.60.jpg,Night + Outdoors + Astronomy + Outer Space + Space + Universe
https://s3.amazonaws.com/backdoored-io-images/wp-content/uploads/78.108.101.682016-07-03T054647.960656.jpg,Night + Outdoors + Astronomy + Outer Space + Space + Universe
https://s3.amazonaws.com/backdoored-io-images/wp-content/uploads/78.108.101.682016-07-07T074241.938139.jpg,Night + Outdoors + Astronomy + Outer Space + Space + Universe
https://s3.amazonaws.com/backdoored-io-images/wp-content/uploads/78.108.101.682016-07-16T044746.105842.jpg,Night + Outdoors + Astronomy + Outer Space + Space + Universe
https://s3.amazonaws.com/backdoored-io-images/wp-content/uploads/78.108.101.682016-07-21T133301.169052.jpg,Night + Outdoors + Astronomy + Outer Space + Space + Universe
https://s3.amazonaws.com/backdoored-io-images/wp-content/uploads/85.119.11.1502017-05-01T140916.637745.jpg,Night + Outdoors + Astronomy + Outer Space + Space + Universe
https://s3.amazonaws.com/backdoored-io-images/wp-content/uploads/85.119.11.1502017-05-18T133224.515460.jpg,Night + Outdoors + Astronomy + Outer Space + Space + Universe
https://s3.amazonaws.com/backdoored-io-images/wp-content/uploads/88.148.94.982016-07-07T162959.460187.jpg,Night + Outdoors + Astronomy + Outer Space + Space + Universe
https://s3.amazonaws.com/backdoored-io-images/wp-content/uploads/88.148.94.982017-05-07T080133.183229.jpg,Night + Outdoors + Astronomy + Outer Space + Space + Universe
https://s3.amazonaws.com/backdoored-io-images/wp-content/uploads/88.148.94.982017-08-01T204840.505604.jpg,Night + Outdoors + Astronomy + Outer Space + Space + Universe
https://s3.amazonaws.com/backdoored-io-images/wp-content/uploads/88.148.94.982017-08-16T093559.647283.jpg,Night + Outdoors + Astronomy + Outer Space + Space + Universe
https://s3.amazonaws.com/backdoored-io-images/wp-content/uploads/88.148.94.982017-09-23T183147.529382.jpg,Night + Outdoors + Astronomy + Outer Space + Space + Universe
https://s3.amazonaws.com/backdoored-io-images/wp-content/uploads/89.25.155.108.jpg,Night + Outdoors + Astronomy + Outer Space + Space + Universe
https://s3.amazonaws.com/backdoored-io-images/wp-content/uploads/89.25.155.1082016-07-08T182605.515044.jpg,Night + Outdoors + Astronomy + Outer Space + Space + Universe
https://s3.amazonaws.com/backdoored-io-images/wp-content/uploads/89.25.155.1082016-10-31T115317.546896.jpg,Night + Outdoors + Astronomy + Outer Space + Space + Universe
https://s3.amazonaws.com/backdoored-io-images/wp-content/uploads/89.25.155.1082017-02-01T024633.744374.jpg,Night + Outdoors + Astronomy + Outer Space + Space + Universe
https://s3.amazonaws.com/backdoored-io-images/wp-content/uploads/89.25.155.1082017-04-09T092818.165860.jpg,Night + Outdoors + Astronomy + Outer Space + Space + Universe
https://s3.amazonaws.com/backdoored-io-images/wp-content/uploads/89.25.155.1082017-05-26T171008.370808.jpg,Night + Outdoors + Astronomy + Outer Space + Space + Universe
https://s3.amazonaws.com/backdoored-io-images/wp-content/uploads/89.25.155.1082017-08-13T013846.784634.jpg,Night + Outdoors + Astronomy + Outer Space + Space + Universe
https://s3.amazonaws.com/backdoored-io-images/wp-content/uploads/89.25.155.1762016-07-27T184222.145609.jpg,Night + Outdoors + Astronomy + Outer Space + Space + Universe
https://s3.amazonaws.com/backdoored-io-images/wp-content/uploads/89.25.155.1762017-02-25T232005.509239.jpg,Night + Outdoors + Astronomy + Outer Space + Space + Universe
https://s3.amazonaws.com/backdoored-io-images/wp-content/uploads/89.25.155.1762017-05-24T143357.268358.jpg,Night + Outdoors + Astronomy + Outer Space + Space + Universe
https://s3.amazonaws.com/backdoored-io-images/wp-content/uploads/89.25.155.1762017-08-19T182615.524208.jpg,Night + Outdoors + Astronomy + Outer Space + Space + Universe
https://s3.amazonaws.com/backdoored-io-images/wp-content/uploads/89.191.157.1092017-02-25T135909.683475.jpg,Night + Outdoors + Astronomy + Outer Space + Space + Universe
https://s3.amazonaws.com/backdoored-io-images/wp-content/uploads/89.191.157.1092017-04-01T140803.132854.jpg,Night + Outdoors + Astronomy + Outer Space + Space + Universe
https://s3.amazonaws.com/backdoored-io-images/wp-content/uploads/91.250.59.872017-02-02T133629.372837.jpg,Night + Outdoors + Astronomy + Outer Space + Space + Universe
https://s3.amazonaws.com/backdoored-io-images/wp-content/uploads/93.122.192.1382017-05-15T210447.963536.jpg,Night + Outdoors + Astronomy + Outer Space + Space + Universe
https://s3.amazonaws.com/backdoored-io-images/wp-content/uploads/93.122.192.1382017-05-24T220234.227820.jpg,Night + Outdoors + Astronomy + Outer Space + Space + Universe
https://s3.amazonaws.com/backdoored-io-images/wp-content/uploads/95.154.19.1242017-02-19T010248.316411.jpg,Night + Outdoors + Astronomy + Outer Space + Space + Universe
https://s3.amazonaws.com/backdoored-io-images/wp-content/uploads/95.154.19.1242017-08-26T152821.038001.jpg,Night + Outdoors + Astronomy + Outer Space + Space + Universe
https://s3.amazonaws.com/backdoored-io-images/wp-content/uploads/109.81.190.217.jpg,Night + Outdoors + Astronomy + Outer Space + Space + Universe
https://s3.amazonaws.com/backdoored-io-images/wp-content/uploads/109.81.190.2172017-02-20T125933.462098.jpg,Night + Outdoors + Astronomy + Outer Space + Space + Universe
https://s3.amazonaws.com/backdoored-io-images/wp-content/uploads/109.81.190.2172017-03-07T164945.654460.jpg,Night + Outdoors + Astronomy + Outer Space + Space + Universe
https://s3.amazonaws.com/backdoored-io-images/wp-content/uploads/109.81.190.2172017-05-19T094338.736091.jpg,Night + Outdoors + Astronomy + Outer Space + Space + Universe
https://s3.amazonaws.com/backdoored-io-images/wp-content/uploads/109.81.190.2172017-08-21T183448.209182.jpg,Night + Outdoors + Astronomy + Outer Space + Space + Universe
https://s3.amazonaws.com/backdoored-io-images/wp-content/uploads/109.166.174.190.jpg,Night + Outdoors + Astronomy + Outer Space + Space + Universe
https://s3.amazonaws.com/backdoored-io-images/wp-content/uploads/123.148.90.1942017-03-03T052727.400279.jpg,Night + Outdoors + Astronomy + Outer Space + Space + Universe
https://s3.amazonaws.com/backdoored-io-images/wp-content/uploads/131.100.145.112017-05-17T072417.925780.jpg,Night + Outdoors + Astronomy + Outer Space + Space + Universe
https://s3.amazonaws.com/backdoored-io-images/wp-content/uploads/131.221.248.1981.jpg,Night + Outdoors + Astronomy + Outer Space + Space + Universe
https://s3.amazonaws.com/backdoored-io-images/wp-content/uploads/162.248.118.202.jpg,Night + Outdoors + Astronomy + Outer Space + Space + Universe
https://s3.amazonaws.com/backdoored-io-images/wp-content/uploads/178.14.189.672017-04-15T212839.513164.jpg,Night + Outdoors + Astronomy + Outer Space + Space + Universe
https://s3.amazonaws.com/backdoored-io-images/wp-content/uploads/190.106.41.168.jpg,Night + Outdoors + Astronomy + Outer Space + Space + Universe
https://s3.amazonaws.com/backdoored-io-images/wp-content/uploads/190.184.222.1022017-05-29T152547.438550.jpg,Night + Outdoors + Astronomy + Outer Space + Space + Universe
https://s3.amazonaws.com/backdoored-io-images/wp-content/uploads/195.28.2.252017-08-01T073453.511498.jpg,Night + Outdoors + Astronomy + Outer Space + Space + Universe
https://s3.amazonaws.com/backdoored-io-images/wp-content/uploads/195.130.75.2202017-05-20T205723.771355.jpg,Night + Outdoors + Astronomy + Outer Space + Space + Universe
https://s3.amazonaws.com/backdoored-io-images/wp-content/uploads/195.130.75.2202017-10-11T223137.445373.jpg,Night + Outdoors + Astronomy + Outer Space + Space + Universe
https://s3.amazonaws.com/backdoored-io-images/wp-content/uploads/199.27.188.412017-01-16T222136.178541.jpg,Night + Outdoors + Astronomy + Outer Space + Space + Universe
https://s3.amazonaws.com/backdoored-io-images/wp-content/uploads/199.27.188.412017-03-26T165540.469940.jpg,Night + Outdoors + Astronomy + Outer Space + Space + Universe
https://s3.amazonaws.com/backdoored-io-images/wp-content/uploads/200.122.111.982017-05-19T095642.858996.jpg,Night + Outdoors + Astronomy + Outer Space + Space + Universe
https://s3.amazonaws.com/backdoored-io-images/wp-content/uploads/213.168.188.382016-05-12T182507.166998.jpg,Night + Outdoors + Astronomy + Outer Space + Space + Universe
https://s3.amazonaws.com/backdoored-io-images/wp-content/uploads/download-57.jpg,Night + Outdoors + Astronomy + Outer Space + Space + Universe
https://s3.amazonaws.com/backdoored-io-images/wp-content/uploads/198.231.28.2532017-05-01T004603.231917.jpg,Night + Outdoors + Astronomy + Outer Space + Space + Universe
https://s3.amazonaws.com/backdoored-io-images/wp-content/uploads/85.119.11.1502017-11-20T155722.787232.jpg,Night + Outdoors + Astronomy + Outer Space + Space + Universe
https://s3.amazonaws.com/backdoored-io-images/wp-content/uploads/85.119.11.1502017-12-01T220748.296308.jpg,Night + Outdoors + Astronomy + Outer Space + Space + Universe
https://s3.amazonaws.com/backdoored-io-images/wp-content/uploads/66.171.100.482017-01-09T024100.159471.jpg,Night + Outdoors + Astronomy + Outer Space + Space + Universe
