http://s3.amazonaws.com/backdoored-io-images/wp-content/uploads/81.0.223.2482017-12-05T111001.940994.jpg,Building + City + Town + Urban + Intersection + Road + Flora + Jar + Plant + Potted Plant + Pottery + Vase + Crowd + Human + Person + Architecture + Downtown + Plaza + Town Square + Neighborhood + Console + Electronics + Harbor + Port + Waterfront + Street,Czech Republic Prague
http://s3.amazonaws.com/backdoored-io-images/wp-content/uploads/88.146.255.2502017-12-05T111419.864355.jpg,Night + Outdoors + Asphalt + Tarmac,Czech Republic Valasske Mezirici
http://s3.amazonaws.com/backdoored-io-images/wp-content/uploads/84.23.37.612017-12-05T112032.689694.jpg,Railing + Fence + Gate,Russian Federation Moscow
http://s3.amazonaws.com/backdoored-io-images/wp-content/uploads/213.153.78.2372017-12-04T123622.035349.jpg,Alley + Alleyway + Building + City + Road + Street + Town + Urban + Path + Pavement + Sidewalk + Walkway + Asphalt + Tarmac + Sink + Floor + Architecture + Furniture + Church + Worship + House + Housing + Villa,Germany Mühlacker
http://s3.amazonaws.com/backdoored-io-images/wp-content/uploads/77.118.130.832017-12-04T135023.917071.jpg,"Furniture + Outdoors + Snow + Road + Sign + Sign + Stopsign + Street + Sign + Windshield + Building + Neighborhood + Urban + City + Town + Architecture + Downtown + Plaza + Town + Square + Backyard + Yard + Flora + Forest + Land + Nature + Plant + Tree
Vegetation + Intersection + Road",Austria Schwertberg
http://s3.amazonaws.com/backdoored-io-images/wp-content/uploads/14.207.46.912017-12-04T140828.224520.jpg,Couch + Furniture + Chair + Banister + Handrail + Staircase + Apartment Building + Housing + Indoors + Loft + Room + Asphalt + Tarmac + Molding + Bedroom + Interior Design + Triangle + Wedge + Studio Couch + Road + Living + Room + Lighting,Thailand Bangkok
http://s3.amazonaws.com/backdoored-io-images/wp-content/uploads/91.245.28.1132017-12-04T141723.450169.jpg,Outdoors + Snow + Fog + Mist + Nature + Weather + Flora + Plant + Tree + Oak + Sycamore + Birch + Alley + Alleyway + Building + City + Road + Street + Town + Urban + Conifer + Pine,Czech Republic Zdirec
http://s3.amazonaws.com/backdoored-io-images/wp-content/uploads/84.141.96.1372017-12-04T153848.489970.jpg,Human + People + Person + Fog + Nature + Pollution + Smog + Smoke + Weather + Alley + Alleyway + Building + City + Road + Street + Town + Urban + Neighborhood,Germany
http://s3.amazonaws.com/backdoored-io-images/wp-content/uploads/118.209.189.2092017-12-04T154405.806569.jpg,Astronomy + Outer Space + Space + Universe,Australia Pakenham
http://s3.amazonaws.com/backdoored-io-images/wp-content/uploads/146.185.14.2182017-12-04T163116.609115.jpg,Night + Outdoors + Lighting,Sweden Ingmarsö
http://s3.amazonaws.com/backdoored-io-images/wp-content/uploads/95.129.254.132017-12-04T165243.293051.jpg,Sunlight + Architecture + Building + Spire + Steeple + Tower + Flora + Plant + Tree + Forest + Land + Nature + Outdoors + Vegetation,Spain Beceite
http://s3.amazonaws.com/backdoored-io-images/wp-content/uploads/190.19.87.952017-12-04T165306.902003.jpg,Automobile + Car + Transportation + Vehicle + Bumper + Van,Argentina Flores
http://s3.amazonaws.com/backdoored-io-images/wp-content/uploads/216.135.118.512017-12-04T173005.347152.jpg,Lighting + Sunlight + Light,United States
http://s3.amazonaws.com/backdoored-io-images/wp-content/uploads/118.42.84.2342017-12-04T173733.319311.jpg,Bottle + Lighting,Korea Republic of Daejeon
http://s3.amazonaws.com/backdoored-io-images/wp-content/uploads/125.132.154.1362017-12-04T175652.669040.jpg,"Cinema + Indoors + Interior + Design + Room + Theater + Lighting + Appliance + Electrical + Device + Oven + Console + Electronics + Automobile
Car + Transportation + Vehicle",Korea Republic of Seongnam
http://s3.amazonaws.com/backdoored-io-images/wp-content/uploads/87.177.227.1572017-12-04T181927.601024.jpg,Flooring + Alley + Alleyway + Building + City + Road + Street + Town + Urban + Lighting,Germany
http://s3.amazonaws.com/backdoored-io-images/wp-content/uploads/178.202.2.1482017-12-04T184225.290785.jpg,Night + Outdoors + Flora + Jar + Plant + Potted Plant + Pottery + Vase + Lighting + Road,Germany Witten
http://s3.amazonaws.com/backdoored-io-images/wp-content/uploads/185.18.57.302017-12-04T192856.278873.jpg,Automobile + Car + Sedan + Transportation + Vehicle + Suv + Lighting + Alley + Alleyway + Building + City + Road + Street + Town + Urban + Backyard + Outdoors + Yard + Bumper + Bowl + Night + Van,Bulgaria
http://s3.amazonaws.com/backdoored-io-images/wp-content/uploads/80.188.248.2502017-12-04T193945.682700.jpg,Architecture + Building + Column + Parthenon + Pillar + Shrine + Temple + Worship + Night + Outdoors + Flora + Plant + Tree + Oak + Castle + House + Housing + Mansion + Palace + Ruins,Czech Republic Kostelec Nad Cernymi Lesy
http://s3.amazonaws.com/backdoored-io-images/wp-content/uploads/77.118.147.2272017-12-04T210008.739256.jpg,Night + Outdoors + Lighting,Austria
http://s3.amazonaws.com/backdoored-io-images/wp-content/uploads/84.135.172.1242017-12-04T212034.814920.jpg,Night + Outdoors + Flora + Jar + Plant + Potted Plant + Pottery + Vase + Alley + Alleyway + Building + City + Road + Street + Town + Urban + Lighting,Germany
http://s3.amazonaws.com/backdoored-io-images/wp-content/uploads/37.221.252.382017-12-04T213900.942555.jpg,Lamp + Lampshade + Lighting,Czech Republic
http://s3.amazonaws.com/backdoored-io-images/wp-content/uploads/62.33.136.32017-12-04T220700.253586.jpg,Night + Outdoors + Lighting + Ice + Skating Rink + Skating + Sport + Sports + Building + City + Town + Urban,Russian Federation
http://s3.amazonaws.com/backdoored-io-images/wp-content/uploads/188.130.239.1542017-12-04T222343.855424.jpg,Night + Outdoors + Flora + Jar + Plant + Potted Plant + Pottery + Vase + Lighting + Building + City + Town + Urban + Automobile + Car + Transportation + Vehicle + Intersection + Road + Bowl + Architecture + Downtown + Plaza + Town Square,Russian Federation Malino
http://s3.amazonaws.com/backdoored-io-images/wp-content/uploads/190.105.172.212017-12-04T230525.567167.jpg,Night + Outdoors + Astronomy + Outer Space + Space + Universe,Haiti Port-au-prince
http://s3.amazonaws.com/backdoored-io-images/wp-content/uploads/69.124.177.1082017-12-04T234609.896845.jpg,Astronomy + Outer Space + Space + Universe + Night + Outdoors,United States Wayne
http://s3.amazonaws.com/backdoored-io-images/wp-content/uploads/213.58.156.1822017-12-05T011441.527526.jpg,Crowd + Human + Person + Lighting + Shop + Building + City + Metropolis + Town + Urban + Parade + Bar + Counter + Pub,Bulgaria Sofia
http://s3.amazonaws.com/backdoored-io-images/wp-content/uploads/85.119.13.782017-12-05T012327.156574.jpg,Night + Outdoors + Crowd + Festival + Person + Building + City + Town + Urban + Lighting + Downtown,Portugal
http://s3.amazonaws.com/backdoored-io-images/wp-content/uploads/85.119.13.782017-12-05T012327.156574.jpg,Night + Outdoors + Astronomy + Moon + Outer Space + Space + Universe,Hungary Köröm
http://s3.amazonaws.com/backdoored-io-images/wp-content/uploads/217.99.232.1262017-12-05T022830.334358.jpg,Night + Outdoors + Alley + Alleyway + Building + City + Road + Street + Town + Urban + Automobile + Car + Transportation + Vehicle + Corridor + Lighting,Poland Kielczow
http://s3.amazonaws.com/backdoored-io-images/wp-content/uploads/71.127.35.1832017-12-05T024813.088060.jpg,Ct Scan + X-Ray + Lighting + Head,United States Fort Washington
http://s3.amazonaws.com/backdoored-io-images/wp-content/uploads/83.18.111.2482017-12-05T030144.921179.jpg,Astronomy + Night + Outdoors + Moon + Outer Space + Space + Universe,Poland
http://s3.amazonaws.com/backdoored-io-images/wp-content/uploads/176.111.144.602017-12-05T030703.689312.jpg,Astronomy + Moon + Night + Outdoors + Outer Space + Space + Universe,Poland Wroclaw
http://s3.amazonaws.com/backdoored-io-images/wp-content/uploads/85.115.232.1532017-12-05T044802.127934.jpg,Corridor + Lighting + Freeway + Highway + Road + Building + City + Town + Urban + Subway + Terminal + Train + Train Station + Transportation + Vehicle + Asphalt + Tarmac,Russian Federation
http://s3.amazonaws.com/backdoored-io-images/wp-content/uploads/95.17.48.1922017-12-05T054306.049212.jpg,Flora + Jar + Plant + Potted Plant + Pottery + Vase + Cup + Electronics + Monitor + Screen + TV + Television + Glass + Hardware + Bar Counter + Pub + Indoors + Interior Design,Spain Benidorm
http://s3.amazonaws.com/backdoored-io-images/wp-content/uploads/109.196.38.942017-12-05T055927.354703.jpg,Fog + Nature + Pollution + Smog + Smoke + Weather + Building + City + Town + Urban + Fence + Outdoors + Snow + Ocean + Sea + Sea Waves + Water + Road,Poland Wyszkow
http://s3.amazonaws.com/backdoored-io-images/wp-content/uploads/149.12.218.102017-12-05T060232.191703.jpg,Astronomy + Outer Space + Space + Universe + Moon + Night + Outdoors,Spain Gijón
http://s3.amazonaws.com/backdoored-io-images/wp-content/uploads/181.197.97.452017-12-05T062021.137350.jpg,Shop + Subway + Terminal + Train + Train Station + Transportation + Vehicle + Console + Electronics,Panama Panama
http://s3.amazonaws.com/backdoored-io-images/wp-content/uploads/84.46.29.172017-12-05T062408.267779.jpg,Night + Outdoors + Astronomy + Outer Space + Space + Universe + Text,Germany Alveslohe
http://s3.amazonaws.com/backdoored-io-images/wp-content/uploads/181.27.60.1312017-12-05T063244.374680.jpg,Tile + Corridor + Flooring + Alley + Alleyway + Building + City + Road + Street + Town + Urban,Argentina
http://s3.amazonaws.com/backdoored-io-images/wp-content/uploads/187.223.88.1462017-12-05T064213.316426.jpg,Human + People + Person + Alley + Alleyway + Building + City + Road + Street + Town + Urban + Motorcycle + Transportation + Vehicle + Path,Mexico Mexico
http://s3.amazonaws.com/backdoored-io-images/wp-content/uploads/80.145.138.1762017-12-05T065803.126020.jpg,Night + Outdoors + Astronomy + Text,Germany Sprockhövel
http://s3.amazonaws.com/backdoored-io-images/wp-content/uploads/216.182.107.182017-12-05T070130.006907.jpg,Astronomy + Outer Space + Space + Universe + Night + Outdoors,United States Boise
http://s3.amazonaws.com/backdoored-io-images/wp-content/uploads/93.171.157.782017-12-05T071124.087852.jpg,Generator + Machine + Bench + Chair + Furniture + Electronics + Hardware + Engine + Motor + Flora + Plant + Vegetation,Russian Federation
http://s3.amazonaws.com/backdoored-io-images/wp-content/uploads/94.145.149.1902017-12-05T071832.779038.jpg,Window + Transportation + Van + Vehicle,Denmark
http://s3.amazonaws.com/backdoored-io-images/wp-content/uploads/84.135.172.1242017-12-05T073728.945158.jpg,Flora + Jar + Plant + Potted Plant + Pottery + Vase + Building + House + Housing + Villa + Appliance + Electrical + Device + Oven + Canopy + Backyard + Outdoors + Yard + Neighborhood + Urban + Alley + Alleyway + City + Road + Street + Town,Germany
http://s3.amazonaws.com/backdoored-io-images/wp-content/uploads/145.255.51.622017-12-05T074435.126873.jpg,Nature + Storm + Weather + Flora + Plant + Tree + Bowl + Outdoors + Forest + Land + Vegetation + Snow,Germany Windeck
http://s3.amazonaws.com/backdoored-io-images/wp-content/uploads/95.227.99.1002017-12-05T075804.960888.jpg,Lighting + Sunlight,Italy Vimercate
http://s3.amazonaws.com/backdoored-io-images/wp-content/uploads/178.59.23.1382017-12-05T081754.985144.jpg,Fog + Nature + Weather,Greece Athens
http://s3.amazonaws.com/backdoored-io-images/wp-content/uploads/195.46.114.1522017-12-05T081914.398652.jpg,Outdoors + Snow + Building + Neighborhood + Urban,Russian Federation Irkutsk
http://s3.amazonaws.com/backdoored-io-images/wp-content/uploads/213.79.1.152017-12-05T082833.260758.jpg,Blizzard + Nature + Outdoors + Snow + Storm + Weather + Winter + Bulldozer + Snowplow + Tractor + Transportation + Vehicle + Urban + Building + City + Town + Freeway + Road + Neighborhood,Russian Federation Moscow
http://s3.amazonaws.com/backdoored-io-images/wp-content/uploads/88.10.168.1542017-12-05T083724.542759.jpg,Frost + Ice + Outdoors + Snow + Flora + Forest + + Land + Nature + Plant + Tree + Vegetation + Bush + Automobile + Car + Transportation + Vehicle + Wilderness + Countryside + Marsh + Swamp + Water + Abies + Conifer + Fir,Spain Madrid
http://s3.amazonaws.com/backdoored-io-images/wp-content/uploads/81.19.137.1192017-12-05T083917.663195.jpg,Human + People + Person + Money + Art + Floral + Design + Graphic Design + Ornament + Clinic + Hospital + Operating Theatre + Lighting + Glass + Flora + Plant + Crowd + Parade + Destroyer + Military + Navy + Ship + Transportation + Vessel + Watercraft + Urban + Army + Military Uniform + Soldier + Team + Troop,Russian Federation Nizhni Novgorod
http://s3.amazonaws.com/backdoored-io-images/wp-content/uploads/87.1.0.652017-12-05T085856.386391.jpg,Aluminium + Computer + Electronics + Laptop + Pc + Bench + Balcony + Furniture + Outdoors + Backyard + Yard + Urban + Lighting,Italy Rome
http://s3.amazonaws.com/backdoored-io-images/wp-content/uploads/78.45.87.1412017-12-05T090820.290664.jpg,Automobile + Car + Transportation + Vehicle + Cab + Taxi + Sedan + Suv + Parking + Parking + Lot + Intersection + Road + Van + Caravan + Jeep + Offroad + Building + Neighborhood + Urban + City + Street + Town + Engine + Machine + Motor + Sports Car + Bumper,Czech Republic Opava
http://s3.amazonaws.com/backdoored-io-images/wp-content/uploads/195.228.18.1872017-12-05T092038.076274.jpg,Building + City + Town + Urban + Freeway + Road + Train + Transportation + Vehicle + Cable + Car + Streetcar + Tram + Trolley + Intersection + Harbor + Port + Waterfront + Office + Building + Architecture + Convention Center + Highway + High Rise + Street,Hungary Budapest
http://s3.amazonaws.com/backdoored-io-images/wp-content/uploads/195.46.114.1292017-12-05T095018.729228.jpg,Outdoors + Snow + Lighting + Urban + Alley + Alleyway + Building + City + Road + Street + Town,Russian Federation Irkutsk
http://s3.amazonaws.com/backdoored-io-images/wp-content/uploads/75.147.239.1982017-12-05T102631.536500.jpg,Night + Outdoors + Flora + Plant + Tree,United States Manteca
http://s3.amazonaws.com/backdoored-io-images/wp-content/uploads/81.174.245.672017-12-05T104514.467183.jpg,Indoors + Office + Computer + Meeting Room + Electronics + Laptop + Pc + Conference Room + Room + Box + Cardboard + Carton + Monitor + Screen + Text + Furniture + Tabletop + Console,United Kingdom
http://s3.amazonaws.com/backdoored-io-images/wp-content/uploads/176.112.64.1712017-12-05T114541.243456.jpg,Outdoors + Snow + Building + City + Town + Urban + Architecture + Convention Center + Console + Electronics + Neighborhood + Apartment Building + High Rise + Office Building + Lab + Ocean + Liner + Ship + Transportation + Vessel + Watercraft + Intersection + Road,Russian Federation Kovrov
http://s3.amazonaws.com/backdoored-io-images/wp-content/uploads/86.60.162.2062017-12-05T115713.376523.jpg,Indoors + Room + Interior Design,Finland Salo